feature,lower_bound,upper_bound,outlier_count,outlier_pct
pickup_lat,20.850715000000005,50.547235,0,0.0
pickup_lon,-121.07388499999999,-60.61176500000001,453,0.94375
delivery_lat,20.850715000000005,50.547235,0,0.0
delivery_lon,-121.07388499999999,-60.61176500000001,467,0.9729166666666667
distance,-1092.2875,3288.2125,32,0.06666666666666667
weight,8973.0,53845.0,424,0.8888888888888888
market_index,0.5447900000000001,1.6244699999999999,0,0.0
quote_signal,1.3950475,2.7176674999999997,1956,4.075
posted_rate,-1867.2375000000006,6449.5425000000005,260,0.5416666666666666
