,count,mean,std,min,1%,5%,25%,50%,75%,95%,99%,max
pickup_lat,48000.0,35.64754474875,4.315284932191945,28.35765,28.35765,28.75668,31.98691,35.29479,39.41104,43.438,44.30296,44.30296
pickup_lon,48000.0,-90.92896441729165,13.482431410187987,-121.69849,-119.79528,-116.70249,-98.40059,-88.08915,-83.28506,-72.18051,-69.5,-69.5
delivery_lat,48000.0,35.641174907916664,4.317198800772889,28.35765,28.35765,28.75668,31.98691,35.29479,39.41104,43.438,44.30296,44.30296
delivery_lon,48000.0,-90.85731029354167,13.476588640205028,-121.69849,-119.79528,-116.70249,-98.40059,-87.52871,-83.28506,-72.18051,-69.5,-69.5
distance,48000.0,1135.8566541666667,728.5644163845357,70.0,121.899,236.1,550.4,953.3,1645.525,2562.3,3029.304000000001,3439.8
weight,47700.0,31028.844004192873,9391.440619602112,-47500.0,9801.96,17490.95,25800.0,31436.5,37018.0,44934.19999999998,47500.0,47500.0
market_index,47626.0,1.0833867156595136,0.1680909157944615,0.67639,0.7828875,0.836265,0.94967,1.0558,1.21959,1.3659575,1.4071850000000001,1.46778
quote_signal,48000.0,2.0624678412499997,0.29139139082151877,0.69228,1.3046567,1.6060545000000002,1.89103,2.05575,2.221685,2.5507734999999996,2.8839514000000004,3.61035
posted_rate,48000.0,2373.9806822916667,1486.4932447622946,57.22,327.16880000000003,599.7385,1251.5549999999998,2030.76,3330.75,4953.7665,5972.834000000003,25533.0
